name,start_time,finish_time,duration,current_host,current_host_uuid,compromise_host,compromise_host_uuid,current_host_attempt,cumulative_attempts,cumulative_compromised_hosts,compromise_users,interrupted_in,interrupted_by
SCAN_HOST,0.0,10.0,10.0,-1,-1,None,None,0,0,0,[],None,None
ENUM_HOST,10.0,25.0,15.0,-1,-1,None,None,0,0,0,[],None,None
SCAN_PORT,25.0,45.0,20.0,0,3eaf75b1-c057-4ca6-87ca-f63ebdccb2b5,None,None,1,0,0,[],None,None
EXPLOIT_VULN,45.0,50.640472998621654,5.640472998621654,0,3eaf75b1-c057-4ca6-87ca-f63ebdccb2b5,None,None,1,0,0,[],network,CompleteTopologyShuffle
SCAN_HOST,60.640472998621654,70.64047299862165,9.999999999999993,-1,-1,None,None,0,0,0,[],None,None
ENUM_HOST,70.64047299862165,85.64047299862165,15.0,-1,-1,None,None,0,0,0,[],None,None
SCAN_PORT,85.64047299862165,105.64047299862165,20.0,0,3eaf75b1-c057-4ca6-87ca-f63ebdccb2b5,None,None,2,0,0,[],None,None
EXPLOIT_VULN,105.64047299862165,105.79562797635688,0.15515497773523634,0,3eaf75b1-c057-4ca6-87ca-f63ebdccb2b5,None,None,2,0,0,[],network,HostTopologyShuffle
SCAN_HOST,115.79562797635688,125.79562797635688,10.0,-1,-1,None,None,0,0,0,[],None,None
ENUM_HOST,125.79562797635688,140.79562797635688,15.0,-1,-1,None,None,0,0,0,[],None,None
SCAN_PORT,140.79562797635688,160.79562797635688,20.0,0,3eaf75b1-c057-4ca6-87ca-f63ebdccb2b5,None,None,3,0,0,[],None,None
EXPLOIT_VULN,160.79562797635688,163.44413004956544,2.6485020732085616,0,3eaf75b1-c057-4ca6-87ca-f63ebdccb2b5,None,None,3,0,0,[],network,IPShuffle
SCAN_HOST,173.44413004956544,183.44413004956544,10.0,-1,-1,None,None,0,0,0,[],None,None
ENUM_HOST,183.44413004956544,198.44413004956544,15.0,-1,-1,None,None,0,0,0,[],None,None
SCAN_PORT,198.44413004956544,218.44413004956544,20.0,0,3eaf75b1-c057-4ca6-87ca-f63ebdccb2b5,None,None,4,0,0,[],None,None
EXPLOIT_VULN,218.44413004956544,244.16744627123924,25.723316221673798,0,3eaf75b1-c057-4ca6-87ca-f63ebdccb2b5,None,None,4,0,0,[],None,None
BRUTE_FORCE,244.16744627123924,244.58162541418352,0.4141791429442776,0,3eaf75b1-c057-4ca6-87ca-f63ebdccb2b5,None,None,4,5,0,[],application,PortShuffle
SCAN_PORT,254.58162541418352,274.5816254141835,20.0,0,3eaf75b1-c057-4ca6-87ca-f63ebdccb2b5,None,None,4,5,0,[],None,None
EXPLOIT_VULN,274.5816254141835,285.02914718227703,10.447521768093509,0,3eaf75b1-c057-4ca6-87ca-f63ebdccb2b5,None,None,4,5,0,[],application,ServiceDiversity
SCAN_PORT,295.02914718227703,315.02914718227703,20.0,0,3eaf75b1-c057-4ca6-87ca-f63ebdccb2b5,None,None,4,5,0,[],None,None
EXPLOIT_VULN,315.02914718227703,325.75905238766467,10.729905205387638,0,3eaf75b1-c057-4ca6-87ca-f63ebdccb2b5,None,None,4,5,0,[],network,CompleteTopologyShuffle
SCAN_HOST,335.75905238766467,345.75905238766467,10.0,-1,-1,None,None,0,5,0,[],None,None
ENUM_HOST,345.75905238766467,360.75905238766467,15.0,-1,-1,None,None,0,5,0,[],None,None
SCAN_PORT,360.75905238766467,380.75905238766467,20.0,0,3eaf75b1-c057-4ca6-87ca-f63ebdccb2b5,None,None,5,5,0,[],None,None
EXPLOIT_VULN,380.75905238766467,382.65457270813437,1.8955203204697,0,3eaf75b1-c057-4ca6-87ca-f63ebdccb2b5,None,None,5,5,0,[],network,HostTopologyShuffle
SCAN_HOST,392.65457270813437,402.65457270813437,10.0,-1,-1,None,None,0,5,0,[],None,None
ENUM_HOST,402.65457270813437,417.65457270813437,15.0,-1,-1,None,None,0,5,0,[],None,None
SCAN_PORT,417.65457270813437,437.65457270813437,20.0,0,3eaf75b1-c057-4ca6-87ca-f63ebdccb2b5,None,None,6,5,0,[],None,None
EXPLOIT_VULN,437.65457270813437,437.770090553777,0.11551784564261425,0,3eaf75b1-c057-4ca6-87ca-f63ebdccb2b5,None,None,6,5,0,[],network,IPShuffle
SCAN_HOST,447.770090553777,457.770090553777,10.0,-1,-1,None,None,0,5,0,[],None,None
ENUM_HOST,457.770090553777,472.770090553777,15.0,-1,-1,None,None,0,5,0,[],None,None
SCAN_PORT,472.770090553777,492.770090553777,20.0,0,3eaf75b1-c057-4ca6-87ca-f63ebdccb2b5,None,None,7,5,0,[],None,None
EXPLOIT_VULN,492.770090553777,518.7281827785738,25.958092224796815,0,3eaf75b1-c057-4ca6-87ca-f63ebdccb2b5,None,None,7,5,0,[],application,PortShuffle
SCAN_PORT,528.7281827785738,548.7281827785738,20.0,0,3eaf75b1-c057-4ca6-87ca-f63ebdccb2b5,None,None,7,5,0,[],None,None
EXPLOIT_VULN,548.7281827785738,559.3315672663392,10.603384487765425,0,3eaf75b1-c057-4ca6-87ca-f63ebdccb2b5,None,None,7,5,0,[],application,ServiceDiversity
SCAN_PORT,569.3315672663392,589.3315672663392,20.0,0,3eaf75b1-c057-4ca6-87ca-f63ebdccb2b5,None,None,7,5,0,[],None,None
EXPLOIT_VULN,589.3315672663392,599.1228070926496,9.791239826310402,0,3eaf75b1-c057-4ca6-87ca-f63ebdccb2b5,None,None,7,5,0,[],network,CompleteTopologyShuffle
SCAN_HOST,609.1228070926496,619.1228070926496,10.0,-1,-1,None,None,0,5,0,[],None,None
ENUM_HOST,619.1228070926496,634.1228070926496,15.0,-1,-1,None,None,0,5,0,[],None,None
SCAN_PORT,634.1228070926496,654.1228070926496,20.0,0,3eaf75b1-c057-4ca6-87ca-f63ebdccb2b5,None,None,8,5,0,[],None,None
EXPLOIT_VULN,654.1228070926496,656.6337310364441,2.5109239437945234,0,3eaf75b1-c057-4ca6-87ca-f63ebdccb2b5,None,None,8,5,0,[],network,HostTopologyShuffle
SCAN_HOST,666.6337310364441,676.6337310364441,10.0,-1,-1,None,None,0,5,0,[],None,None
ENUM_HOST,676.6337310364441,691.6337310364441,15.0,-1,-1,None,None,0,5,0,[],None,None
SCAN_PORT,691.6337310364441,711.5047194528095,19.87098841636532,0,3eaf75b1-c057-4ca6-87ca-f63ebdccb2b5,None,None,9,5,0,[],network,IPShuffle
SCAN_HOST,721.5047194528095,731.5047194528095,10.0,-1,-1,None,None,0,5,0,[],None,None
ENUM_HOST,731.5047194528095,746.5047194528095,15.0,-1,-1,None,None,0,5,0,[],None,None
SCAN_PORT,746.5047194528095,766.5047194528095,20.0,0,3eaf75b1-c057-4ca6-87ca-f63ebdccb2b5,None,None,10,5,0,[],None,None
EXPLOIT_VULN,766.5047194528095,792.6956320152892,26.190912562479753,0,3eaf75b1-c057-4ca6-87ca-f63ebdccb2b5,None,None,10,5,0,[],None,None
BRUTE_FORCE,792.6956320152892,793.4366541575483,0.7410221422591121,0,3eaf75b1-c057-4ca6-87ca-f63ebdccb2b5,None,None,10,11,0,[],application,PortShuffle
SCAN_PORT,803.4366541575483,823.4366541575483,20.0,0,3eaf75b1-c057-4ca6-87ca-f63ebdccb2b5,None,None,10,11,0,[],None,None
EXPLOIT_VULN,823.4366541575483,848.4626582115917,25.02600405404337,0,3eaf75b1-c057-4ca6-87ca-f63ebdccb2b5,None,None,10,11,0,[],None,None
BRUTE_FORCE,848.4626582115917,863.1813680404457,14.718709828854003,0,3eaf75b1-c057-4ca6-87ca-f63ebdccb2b5,None,None,10,14,0,[],application,ServiceDiversity
SCAN_PORT,873.1813680404457,893.1813680404457,20.0,0,3eaf75b1-c057-4ca6-87ca-f63ebdccb2b5,None,None,10,14,0,[],None,None
EXPLOIT_VULN,893.1813680404457,903.2162835632887,10.034915522842994,0,3eaf75b1-c057-4ca6-87ca-f63ebdccb2b5,None,None,10,14,0,[],network,CompleteTopologyShuffle
SCAN_HOST,913.2162835632887,923.2162835632887,10.0,-1,-1,None,None,0,14,0,[],None,None
ENUM_HOST,923.2162835632887,938.2162835632887,15.0,-1,-1,None,None,0,14,0,[],None,None
SCAN_PORT,938.2162835632887,958.2162835632887,20.0,1,aa681631-7d60-4eae-892e-305909868169,None,None,1,14,0,[],None,None
EXPLOIT_VULN,958.2162835632887,960.6404815511345,2.424197987845787,1,aa681631-7d60-4eae-892e-305909868169,None,None,1,14,0,[],network,HostTopologyShuffle
SCAN_HOST,970.6404815511345,980.6404815511345,10.0,-1,-1,None,None,0,14,0,[],None,None
ENUM_HOST,980.6404815511345,995.6404815511345,15.0,-1,-1,None,None,0,14,0,[],None,None
SCAN_PORT,995.6404815511345,1015.6404815511345,20.0,1,aa681631-7d60-4eae-892e-305909868169,None,None,2,14,0,[],None,None
EXPLOIT_VULN,1015.6404815511345,1016.7236039406685,1.083122389533969,1,aa681631-7d60-4eae-892e-305909868169,None,None,2,14,0,[],network,IPShuffle
SCAN_HOST,1026.7236039406685,1036.7236039406685,10.0,-1,-1,None,None,0,14,0,[],None,None
ENUM_HOST,1036.7236039406685,1051.7236039406685,15.0,-1,-1,None,None,0,14,0,[],None,None
SCAN_PORT,1051.7236039406685,1071.7236039406685,20.0,1,aa681631-7d60-4eae-892e-305909868169,None,None,3,14,0,[],None,None
EXPLOIT_VULN,1071.7236039406685,1097.5181853291087,25.794581388440292,1,aa681631-7d60-4eae-892e-305909868169,None,None,3,14,0,[],application,PortShuffle
SCAN_PORT,1107.5181853291087,1127.5181853291087,20.0,1,aa681631-7d60-4eae-892e-305909868169,None,None,3,14,0,[],None,None
EXPLOIT_VULN,1127.5181853291087,1138.6850956114295,11.166910282320714,1,aa681631-7d60-4eae-892e-305909868169,None,None,3,14,0,[],application,ServiceDiversity
SCAN_PORT,1148.6850956114295,1168.6850956114295,20.0,1,aa681631-7d60-4eae-892e-305909868169,None,None,3,14,0,[],None,None
EXPLOIT_VULN,1168.6850956114295,1181.1692585275991,12.48416291616968,1,aa681631-7d60-4eae-892e-305909868169,None,None,3,14,0,[],network,CompleteTopologyShuffle
SCAN_HOST,1191.1692585275991,1201.1692585275991,10.0,-1,-1,None,None,0,14,0,[],None,None
ENUM_HOST,1201.1692585275991,1216.1692585275991,15.0,-1,-1,None,None,0,14,0,[],None,None
SCAN_PORT,1216.1692585275991,1235.2218024329366,19.052543905337416,1,aa681631-7d60-4eae-892e-305909868169,None,None,4,14,0,[],network,HostTopologyShuffle
SCAN_HOST,1245.2218024329366,1255.2218024329366,10.0,-1,-1,None,None,0,14,0,[],None,None
ENUM_HOST,1255.2218024329366,1270.2218024329366,15.0,-1,-1,None,None,0,14,0,[],None,None
SCAN_PORT,1270.2218024329366,1290.2218024329366,20.0,1,aa681631-7d60-4eae-892e-305909868169,None,None,5,14,0,[],None,None
EXPLOIT_VULN,1290.2218024329366,1290.5571728712123,0.33537043827573143,1,aa681631-7d60-4eae-892e-305909868169,None,None,5,14,0,[],network,IPShuffle
SCAN_HOST,1300.5571728712123,1310.5571728712123,10.0,-1,-1,None,None,0,14,0,[],None,None
ENUM_HOST,1310.5571728712123,1325.5571728712123,15.0,-1,-1,None,None,0,14,0,[],None,None
SCAN_PORT,1325.5571728712123,1345.5571728712123,20.0,1,aa681631-7d60-4eae-892e-305909868169,None,None,6,14,0,[],None,None
EXPLOIT_VULN,1345.5571728712123,1370.861909672592,25.304736801379704,1,aa681631-7d60-4eae-892e-305909868169,None,None,6,14,0,[],application,PortShuffle
SCAN_PORT,1380.861909672592,1400.861909672592,20.0,1,aa681631-7d60-4eae-892e-305909868169,None,None,6,14,0,[],None,None
EXPLOIT_VULN,1400.861909672592,1413.236613325209,12.374703652616972,1,aa681631-7d60-4eae-892e-305909868169,None,None,6,14,0,[],application,ServiceDiversity
SCAN_PORT,1423.236613325209,1443.236613325209,20.0,1,aa681631-7d60-4eae-892e-305909868169,None,None,6,14,0,[],None,None
EXPLOIT_VULN,1443.236613325209,1454.548014084869,11.311400759660046,1,aa681631-7d60-4eae-892e-305909868169,None,None,6,14,0,[],network,CompleteTopologyShuffle
SCAN_HOST,1464.548014084869,1474.548014084869,10.0,-1,-1,None,None,0,14,0,[],None,None
ENUM_HOST,1474.548014084869,1489.548014084869,15.0,-1,-1,None,None,0,14,0,[],None,None
SCAN_PORT,1489.548014084869,1509.548014084869,20.0,1,aa681631-7d60-4eae-892e-305909868169,None,None,7,14,0,[],None,None
EXPLOIT_VULN,1509.548014084869,1511.1597687170345,1.6117546321654572,1,aa681631-7d60-4eae-892e-305909868169,None,None,7,14,0,[],network,HostTopologyShuffle
SCAN_HOST,1521.1597687170345,1531.1597687170345,10.0,-1,-1,None,None,0,14,0,[],None,None
ENUM_HOST,1531.1597687170345,1546.1597687170345,15.0,-1,-1,None,None,0,14,0,[],None,None
SCAN_PORT,1546.1597687170345,1565.0056879673132,18.845919250278712,1,aa681631-7d60-4eae-892e-305909868169,None,None,8,14,0,[],network,IPShuffle
SCAN_HOST,1575.0056879673132,1585.0056879673132,10.0,-1,-1,None,None,0,14,0,[],None,None
ENUM_HOST,1585.0056879673132,1600.0056879673132,15.0,-1,-1,None,None,0,14,0,[],None,None
SCAN_PORT,1600.0056879673132,1620.0056879673132,20.0,1,aa681631-7d60-4eae-892e-305909868169,None,None,9,14,0,[],None,None
EXPLOIT_VULN,1620.0056879673132,1645.0408551057765,25.035167138463294,1,aa681631-7d60-4eae-892e-305909868169,None,None,9,14,0,[],None,None
BRUTE_FORCE,1645.0408551057765,1647.0811929839376,2.0403378781611536,1,aa681631-7d60-4eae-892e-305909868169,None,None,9,26,0,[],application,PortShuffle
SCAN_PORT,1657.0811929839376,1677.0811929839376,20.0,1,aa681631-7d60-4eae-892e-305909868169,None,None,9,26,0,[],None,None
EXPLOIT_VULN,1677.0811929839376,1702.9006063500235,25.819413366085882,1,aa681631-7d60-4eae-892e-305909868169,1,aa681631-7d60-4eae-892e-305909868169,9,26,0,"['Gilly', 'Lauretta', 'Shandeigh', 'Adriaens', 'Selene']",None,None
SCAN_NEIGHBOR,1702.9006063500235,1712.9006063500235,10.0,1,aa681631-7d60-4eae-892e-305909868169,None,None,9,47,1,[],None,None
ENUM_HOST,1712.9006063500235,1727.9006063500235,15.0,1,aa681631-7d60-4eae-892e-305909868169,None,None,9,47,1,[],None,None
SCAN_PORT,1727.9006063500235,1747.9006063500235,20.0,61,e48dcce1-4fde-45bc-8764-873a5b943577,None,None,1,47,1,[],None,None
EXPLOIT_VULN,1747.9006063500235,1760.1657817990363,12.265175449012759,61,e48dcce1-4fde-45bc-8764-873a5b943577,None,None,1,47,1,[],network,CompleteTopologyShuffle
SCAN_HOST,1770.1657817990363,1780.1657817990363,10.0,-1,-1,None,None,0,47,1,[],None,None
ENUM_HOST,1780.1657817990363,1795.1657817990363,15.0,-1,-1,None,None,0,47,1,[],None,None
SCAN_PORT,1795.1657817990363,1814.1547490013636,18.98896720232733,52,1273a08a-c3fa-4f1e-b98f-9a0c50d7406e,None,None,1,47,1,[],network,HostTopologyShuffle
SCAN_HOST,1824.1547490013636,1834.1547490013636,10.0,-1,-1,None,None,0,47,1,[],None,None
ENUM_HOST,1834.1547490013636,1849.1547490013636,15.0,-1,-1,None,None,0,47,1,[],None,None
SCAN_PORT,1849.1547490013636,1869.1547490013636,20.0,52,794b26f3-c9b5-418f-93f6-f892cc795767,None,None,2,47,1,[],None,None
EXPLOIT_VULN,1869.1547490013636,1870.2110035971284,1.0562545957648126,52,794b26f3-c9b5-418f-93f6-f892cc795767,None,None,2,47,1,[],network,IPShuffle
SCAN_HOST,1880.2110035971284,1890.2110035971284,10.0,-1,-1,None,None,0,47,1,[],None,None
ENUM_HOST,1890.2110035971284,1905.2110035971284,15.0,-1,-1,None,None,0,47,1,[],None,None
SCAN_PORT,1905.2110035971284,1925.2110035971284,20.0,52,794b26f3-c9b5-418f-93f6-f892cc795767,None,None,3,47,1,[],None,None
EXPLOIT_VULN,1925.2110035971284,1950.4795500318587,25.268546434730297,52,794b26f3-c9b5-418f-93f6-f892cc795767,52,794b26f3-c9b5-418f-93f6-f892cc795767,3,47,1,"['Polly', 'Iormina', 'Drusie', 'Adora', 'Sibby']",None,None
SCAN_NEIGHBOR,1950.4795500318587,1960.4795500318587,10.0,52,794b26f3-c9b5-418f-93f6-f892cc795767,None,None,3,91,2,[],None,None
ENUM_HOST,1960.4795500318587,1975.4795500318587,15.0,52,794b26f3-c9b5-418f-93f6-f892cc795767,None,None,3,91,2,[],None,None
SCAN_PORT,1975.4795500318587,1992.1194075302205,16.639857498361835,45,a2030130-6fdc-4838-9ac1-8dc7323de20f,None,None,1,91,2,[],application,ServiceDiversity
SCAN_PORT,2002.1194075302205,2022.1194075302205,20.0,45,a2030130-6fdc-4838-9ac1-8dc7323de20f,None,None,1,91,2,[],None,None
EXPLOIT_VULN,2022.1194075302205,2032.1414077953439,10.022000265123324,45,a2030130-6fdc-4838-9ac1-8dc7323de20f,None,None,1,91,2,[],network,CompleteTopologyShuffle
SCAN_HOST,2042.1414077953439,2052.141407795344,10.000000000000227,-1,-1,None,None,0,91,2,[],None,None
ENUM_HOST,2052.141407795344,2067.141407795344,15.0,-1,-1,None,None,0,91,2,[],None,None
SCAN_PORT,2067.141407795344,2087.141407795344,20.0,29,5fca8d6e-ff09-4cd9-9db6-bd9a5020f849,None,None,1,91,2,[],None,None
EXPLOIT_VULN,2087.141407795344,2087.8907385520165,0.749330756672407,29,5fca8d6e-ff09-4cd9-9db6-bd9a5020f849,None,None,1,91,2,[],network,HostTopologyShuffle
SCAN_HOST,2097.8907385520165,2107.8907385520165,10.0,-1,-1,None,None,0,91,2,[],None,None
ENUM_HOST,2107.8907385520165,2122.8907385520165,15.0,-1,-1,None,None,0,91,2,[],None,None
SCAN_PORT,2122.8907385520165,2142.8907385520165,20.0,51,c85f9b5d-c39c-4939-a97d-53520a21fc9e,None,None,1,91,2,[],None,None
EXPLOIT_VULN,2142.8907385520165,2143.837744127894,0.9470055758774834,51,c85f9b5d-c39c-4939-a97d-53520a21fc9e,None,None,1,91,2,[],network,IPShuffle
SCAN_HOST,2153.837744127894,2163.837744127894,10.0,-1,-1,None,None,0,91,2,[],None,None
ENUM_HOST,2163.837744127894,2178.837744127894,15.0,-1,-1,None,None,0,91,2,[],None,None
SCAN_PORT,2178.837744127894,2198.837744127894,20.0,51,c85f9b5d-c39c-4939-a97d-53520a21fc9e,None,None,2,91,2,[],None,None
EXPLOIT_VULN,2198.837744127894,2224.0492767813735,25.21153265347948,51,c85f9b5d-c39c-4939-a97d-53520a21fc9e,None,None,2,91,2,[],None,None
BRUTE_FORCE,2224.0492767813735,2227.9518912472995,3.9026144659260353,51,c85f9b5d-c39c-4939-a97d-53520a21fc9e,None,None,2,92,2,[],application,PortShuffle
SCAN_PORT,2237.9518912472995,2257.9518912472995,20.0,51,c85f9b5d-c39c-4939-a97d-53520a21fc9e,None,None,2,92,2,[],None,None
EXPLOIT_VULN,2257.9518912472995,2270.5557921840077,12.603900936708214,51,c85f9b5d-c39c-4939-a97d-53520a21fc9e,None,None,2,92,2,[],application,ServiceDiversity
SCAN_PORT,2280.5557921840077,2300.5557921840077,20.0,51,c85f9b5d-c39c-4939-a97d-53520a21fc9e,None,None,2,92,2,[],None,None
EXPLOIT_VULN,2300.5557921840077,2308.5668720411045,8.011079857096775,51,c85f9b5d-c39c-4939-a97d-53520a21fc9e,None,None,2,92,2,[],network,CompleteTopologyShuffle
SCAN_HOST,2318.5668720411045,2328.5668720411045,10.0,-1,-1,None,None,0,92,2,[],None,None
ENUM_HOST,2328.5668720411045,2343.5668720411045,15.0,-1,-1,None,None,0,92,2,[],None,None
SCAN_PORT,2343.5668720411045,2363.5668720411045,20.0,55,9f941e43-630b-4085-a5ae-1f20f69df09e,None,None,1,92,2,[],None,None
EXPLOIT_VULN,2363.5668720411045,2364.6492155050437,1.0823434639391962,55,9f941e43-630b-4085-a5ae-1f20f69df09e,None,None,1,92,2,[],network,HostTopologyShuffle
SCAN_HOST,2374.6492155050437,2384.6492155050437,10.0,-1,-1,None,None,0,92,2,[],None,None
ENUM_HOST,2384.6492155050437,2399.6492155050437,15.0,-1,-1,None,None,0,92,2,[],None,None
SCAN_PORT,2399.6492155050437,2419.6492155050437,20.0,55,5fca8d6e-ff09-4cd9-9db6-bd9a5020f849,None,None,2,92,2,[],None,None
EXPLOIT_VULN,2419.6492155050437,2421.468728007314,1.8195125022702996,55,5fca8d6e-ff09-4cd9-9db6-bd9a5020f849,None,None,2,92,2,[],network,IPShuffle
SCAN_HOST,2431.468728007314,2441.468728007314,10.0,-1,-1,None,None,0,92,2,[],None,None
ENUM_HOST,2441.468728007314,2456.468728007314,15.0,-1,-1,None,None,0,92,2,[],None,None
SCAN_PORT,2456.468728007314,2476.468728007314,20.0,55,5fca8d6e-ff09-4cd9-9db6-bd9a5020f849,None,None,3,92,2,[],None,None
EXPLOIT_VULN,2476.468728007314,2501.765588007942,25.29686000062793,55,5fca8d6e-ff09-4cd9-9db6-bd9a5020f849,None,None,3,92,2,[],application,PortShuffle
SCAN_PORT,2511.765588007942,2531.765588007942,20.0,55,5fca8d6e-ff09-4cd9-9db6-bd9a5020f849,None,None,3,92,2,[],None,None
EXPLOIT_VULN,2531.765588007942,2557.471088282564,25.705500274621954,55,5fca8d6e-ff09-4cd9-9db6-bd9a5020f849,55,5fca8d6e-ff09-4cd9-9db6-bd9a5020f849,3,92,2,"['Manya', 'Ora', 'Orel', 'Dot', 'Jasmin']",None,None
SCAN_NEIGHBOR,2557.471088282564,2567.471088282564,10.0,55,5fca8d6e-ff09-4cd9-9db6-bd9a5020f849,None,None,3,98,3,[],None,None
ENUM_HOST,2567.471088282564,2582.471088282564,15.0,55,5fca8d6e-ff09-4cd9-9db6-bd9a5020f849,None,None,3,98,3,[],None,None
SCAN_PORT,2582.471088282564,2602.471088282564,20.0,50,f2d2f883-7ce8-4c35-aedc-3cabce6f46ec,None,None,1,98,3,[],None,None
EXPLOIT_VULN,2602.471088282564,2612.097712614412,9.626624331848234,50,f2d2f883-7ce8-4c35-aedc-3cabce6f46ec,None,None,1,98,3,[],network,CompleteTopologyShuffle
SCAN_HOST,2622.097712614412,2632.097712614412,10.0,-1,-1,None,None,0,98,3,[],None,None
ENUM_HOST,2632.097712614412,2647.097712614412,15.0,-1,-1,None,None,0,98,3,[],None,None
SCAN_PORT,2647.097712614412,2667.097712614412,20.0,51,b39cbc1f-a5f0-4626-bed5-e1b07e9b56f2,None,None,3,98,3,[],None,None
EXPLOIT_VULN,2667.097712614412,2667.995786117102,0.8980735026898401,51,b39cbc1f-a5f0-4626-bed5-e1b07e9b56f2,None,None,3,98,3,[],network,HostTopologyShuffle
SCAN_HOST,2677.995786117102,2687.995786117102,10.0,-1,-1,None,None,0,98,3,[],None,None
ENUM_HOST,2687.995786117102,2702.995786117102,15.0,-1,-1,None,None,0,98,3,[],None,None
SCAN_PORT,2702.995786117102,2722.995786117102,20.0,46,cfe4a99d-9e0c-4e10-a690-07151301d702,None,None,1,98,3,[],None,None
EXPLOIT_VULN,2722.995786117102,2724.0672193014516,1.0714331843496439,46,cfe4a99d-9e0c-4e10-a690-07151301d702,None,None,1,98,3,[],network,IPShuffle
SCAN_HOST,2734.0672193014516,2744.0672193014516,10.0,-1,-1,None,None,0,98,3,[],None,None
ENUM_HOST,2744.0672193014516,2759.0672193014516,15.0,-1,-1,None,None,0,98,3,[],None,None
SCAN_PORT,2759.0672193014516,2779.0672193014516,20.0,36,b2ca7ddc-2518-47d3-bc46-206262d6b197,None,None,1,98,3,[],None,None
EXPLOIT_VULN,2779.0672193014516,2804.6647139816496,25.597494680197997,36,b2ca7ddc-2518-47d3-bc46-206262d6b197,36,b2ca7ddc-2518-47d3-bc46-206262d6b197,1,98,3,"['Bettina', 'Dede', 'Joletta', 'Candi', 'Stormie']",None,None
SCAN_NEIGHBOR,2804.6647139816496,2814.6647139816496,10.0,36,b2ca7ddc-2518-47d3-bc46-206262d6b197,None,None,1,105,4,[],None,None
ENUM_HOST,2814.6647139816496,2829.6647139816496,15.0,36,b2ca7ddc-2518-47d3-bc46-206262d6b197,None,None,1,105,4,[],None,None
SCAN_PORT,2829.6647139816496,2849.2206326398305,19.55591865818087,39,6ffad728-6eed-4032-a571-69cd1caa6552,None,None,1,105,4,[],application,ServiceDiversity
SCAN_PORT,2859.2206326398305,2879.2206326398305,20.0,39,6ffad728-6eed-4032-a571-69cd1caa6552,None,None,1,105,4,[],None,None
EXPLOIT_VULN,2879.2206326398305,2890.3615125397628,11.140879899932315,39,6ffad728-6eed-4032-a571-69cd1caa6552,None,None,1,105,4,[],network,CompleteTopologyShuffle
SCAN_HOST,2900.3615125397628,2910.3615125397628,10.0,-1,-1,None,None,0,105,4,[],None,None
ENUM_HOST,2910.3615125397628,2925.3615125397628,15.0,-1,-1,None,None,0,105,4,[],None,None
SCAN_PORT,2925.3615125397628,2945.3615125397628,20.0,37,d98d2a6a-0fc8-4b90-b8fe-6d9706da4fa8,None,None,1,105,4,[],None,None
EXPLOIT_VULN,2945.3615125397628,2945.6621855899275,0.30067305016473256,37,d98d2a6a-0fc8-4b90-b8fe-6d9706da4fa8,None,None,1,105,4,[],network,HostTopologyShuffle
SCAN_HOST,2955.6621855899275,2965.6621855899275,10.0,-1,-1,None,None,0,105,4,[],None,None
ENUM_HOST,2965.6621855899275,2980.6621855899275,15.0,-1,-1,None,None,0,105,4,[],None,None
SCAN_PORT,2980.6621855899275,3000.6621855899275,20.0,27,3a742c4e-7efc-4b1f-a5b7-c19e9ca7363b,None,None,1,105,4,[],None,None
EXPLOIT_VULN,3000.6621855899275,3001.2837915526297,0.6216059627022332,27,3a742c4e-7efc-4b1f-a5b7-c19e9ca7363b,None,None,1,105,4,[],network,IPShuffle
SCAN_HOST,3011.2837915526297,3021.2837915526297,10.0,-1,-1,None,None,0,105,4,[],None,None
ENUM_HOST,3021.2837915526297,3036.2837915526297,15.0,-1,-1,None,None,0,105,4,[],None,None
SCAN_PORT,3036.2837915526297,3056.2837915526297,20.0,39,4271f7c3-578e-46db-a096-2fe13c442041,None,None,2,105,4,[],None,None
EXPLOIT_VULN,3056.2837915526297,3082.227427407952,25.9436358553221,39,4271f7c3-578e-46db-a096-2fe13c442041,39,4271f7c3-578e-46db-a096-2fe13c442041,2,105,4,"['Bella', 'Gae', 'Dione', 'Josey', 'Neda']",None,None
SCAN_NEIGHBOR,3082.227427407952,3092.227427407952,10.0,39,4271f7c3-578e-46db-a096-2fe13c442041,None,None,2,114,5,[],None,None
ENUM_HOST,3092.227427407952,3107.227427407952,15.0,39,4271f7c3-578e-46db-a096-2fe13c442041,None,None,2,114,5,[],None,None
SCAN_PORT,3107.227427407952,3125.7487464419128,18.521319033960935,45,d98d2a6a-0fc8-4b90-b8fe-6d9706da4fa8,None,None,2,114,5,[],application,ServiceDiversity
SCAN_PORT,3135.7487464419128,3155.7487464419128,20.0,45,d98d2a6a-0fc8-4b90-b8fe-6d9706da4fa8,None,None,2,114,5,[],None,None
EXPLOIT_VULN,3155.7487464419128,3167.4869108497323,11.738164407819568,45,d98d2a6a-0fc8-4b90-b8fe-6d9706da4fa8,None,None,2,114,5,[],network,CompleteTopologyShuffle
SCAN_HOST,3177.4869108497323,3187.4869108497323,10.0,-1,-1,None,None,0,114,5,[],None,None
ENUM_HOST,3187.4869108497323,3202.4869108497323,15.0,-1,-1,None,None,0,114,5,[],None,None
SCAN_PORT,3202.4869108497323,3222.4869108497323,20.0,23,76b9eb0f-c1dc-44ef-98c0-c1ac4159fed9,None,None,1,114,5,[],None,None
EXPLOIT_VULN,3222.4869108497323,3225.107232212094,2.620321362361665,23,76b9eb0f-c1dc-44ef-98c0-c1ac4159fed9,None,None,1,114,5,[],network,HostTopologyShuffle
SCAN_HOST,3235.107232212094,3245.107232212094,10.0,-1,-1,None,None,0,114,5,[],None,None
ENUM_HOST,3245.107232212094,3260.107232212094,15.0,-1,-1,None,None,0,114,5,[],None,None
SCAN_PORT,3260.107232212094,3279.770092951378,19.662860739284042,51,027ad50a-317c-4158-9118-a807285f93f3,None,None,4,114,5,[],network,IPShuffle
SCAN_HOST,3289.770092951378,3299.770092951378,10.0,-1,-1,None,None,0,114,5,[],None,None
ENUM_HOST,3299.770092951378,3314.770092951378,15.0,-1,-1,None,None,0,114,5,[],None,None
SCAN_PORT,3314.770092951378,3334.770092951378,20.0,51,027ad50a-317c-4158-9118-a807285f93f3,None,None,5,114,5,[],None,None
EXPLOIT_VULN,3334.770092951378,3360.0887101614385,25.318617210060438,51,027ad50a-317c-4158-9118-a807285f93f3,51,027ad50a-317c-4158-9118-a807285f93f3,5,114,5,"['Florance', 'Keriann', 'Hallie', 'Mireielle']",None,None
SCAN_NEIGHBOR,3360.0887101614385,3370.0887101614385,10.0,51,027ad50a-317c-4158-9118-a807285f93f3,None,None,5,118,6,[],None,None
ENUM_HOST,3370.0887101614385,3385.0887101614385,15.0,51,027ad50a-317c-4158-9118-a807285f93f3,None,None,5,118,6,[],None,None
SCAN_PORT,3385.0887101614385,3401.2270281080355,16.138317946597,23,461c5884-2fdd-4980-b3b3-f3eaa086e112,None,None,2,118,6,[],application,ServiceDiversity
SCAN_PORT,3411.2270281080355,3431.2270281080355,20.0,23,461c5884-2fdd-4980-b3b3-f3eaa086e112,None,None,2,118,6,[],None,None
EXPLOIT_VULN,3431.2270281080355,3441.2119981078104,9.984969999774876,23,461c5884-2fdd-4980-b3b3-f3eaa086e112,None,None,2,118,6,[],network,CompleteTopologyShuffle
SCAN_HOST,3451.2119981078104,3461.2119981078104,10.0,-1,-1,None,None,0,118,6,[],None,None
ENUM_HOST,3461.2119981078104,3476.2119981078104,15.0,-1,-1,None,None,0,118,6,[],None,None
SCAN_PORT,3476.2119981078104,3496.2119981078104,20.0,52,bcf5c571-6cd5-4f91-947f-87e92063baba,None,None,4,118,6,[],None,None
EXPLOIT_VULN,3496.2119981078104,3497.442362452846,1.2303643450354684,52,bcf5c571-6cd5-4f91-947f-87e92063baba,None,None,4,118,6,[],network,HostTopologyShuffle
SCAN_HOST,3507.442362452846,3517.442362452846,10.0,-1,-1,None,None,0,118,6,[],None,None
ENUM_HOST,3517.442362452846,3532.442362452846,15.0,-1,-1,None,None,0,118,6,[],None,None
SCAN_PORT,3532.442362452846,3552.442362452846,20.0,48,bcf5c571-6cd5-4f91-947f-87e92063baba,None,None,1,118,6,[],None,None
EXPLOIT_VULN,3552.442362452846,3553.8429213595114,1.4005589066655375,48,bcf5c571-6cd5-4f91-947f-87e92063baba,None,None,1,118,6,[],network,IPShuffle
SCAN_HOST,3563.8429213595114,3573.8429213595114,10.0,-1,-1,None,None,0,118,6,[],None,None
ENUM_HOST,3573.8429213595114,3588.8429213595114,15.0,-1,-1,None,None,0,118,6,[],None,None
SCAN_PORT,3588.8429213595114,3608.8429213595114,20.0,52,6127d545-e4d1-4756-8318-d800eba86780,None,None,5,118,6,[],None,None
EXPLOIT_VULN,3608.8429213595114,3633.8812693925825,25.038348033071088,52,6127d545-e4d1-4756-8318-d800eba86780,None,None,5,118,6,[],application,PortShuffle
SCAN_PORT,3643.8812693925825,3663.8812693925825,20.0,52,6127d545-e4d1-4756-8318-d800eba86780,None,None,5,118,6,[],None,None
EXPLOIT_VULN,3663.8812693925825,3674.1216658528037,10.240396460221291,52,6127d545-e4d1-4756-8318-d800eba86780,None,None,5,118,6,[],application,ServiceDiversity
SCAN_PORT,3684.1216658528037,3704.1216658528037,20.0,52,6127d545-e4d1-4756-8318-d800eba86780,None,None,5,118,6,[],None,None
EXPLOIT_VULN,3704.1216658528037,3715.1215378214974,10.999871968693697,52,6127d545-e4d1-4756-8318-d800eba86780,None,None,5,118,6,[],network,CompleteTopologyShuffle
SCAN_HOST,3725.1215378214974,3735.1215378214974,10.0,-1,-1,None,None,0,118,6,[],None,None
ENUM_HOST,3735.1215378214974,3750.1215378214974,15.0,-1,-1,None,None,0,118,6,[],None,None
SCAN_PORT,3750.1215378214974,3770.1215378214974,20.0,59,02334892-0a80-4624-bbae-7c2aa2351776,None,None,1,118,6,[],None,None
EXPLOIT_VULN,3770.1215378214974,3770.994682212975,0.8731443914775809,59,02334892-0a80-4624-bbae-7c2aa2351776,None,None,1,118,6,[],network,HostTopologyShuffle
SCAN_HOST,3780.994682212975,3790.994682212975,10.0,-1,-1,None,None,0,118,6,[],None,None
ENUM_HOST,3790.994682212975,3805.994682212975,15.0,-1,-1,None,None,0,118,6,[],None,None
SCAN_PORT,3805.994682212975,3825.994682212975,20.0,25,9f941e43-630b-4085-a5ae-1f20f69df09e,None,None,1,118,6,[],None,None
EXPLOIT_VULN,3825.994682212975,3826.3960893374597,0.4014071244846491,25,9f941e43-630b-4085-a5ae-1f20f69df09e,None,None,1,118,6,[],network,IPShuffle
SCAN_HOST,3836.3960893374597,3846.3960893374597,10.0,-1,-1,None,None,0,118,6,[],None,None
ENUM_HOST,3846.3960893374597,3861.3960893374597,15.0,-1,-1,None,None,0,118,6,[],None,None
SCAN_PORT,3861.3960893374597,3881.3960893374597,20.0,24,108adda7-144a-477a-86ab-20721c02d330,None,None,1,118,6,[],None,None
EXPLOIT_VULN,3881.3960893374597,3906.450279475635,25.054190138175272,24,108adda7-144a-477a-86ab-20721c02d330,24,108adda7-144a-477a-86ab-20721c02d330,1,118,6,"['Pru', 'Cahra', 'Nicoline', 'Winna']",None,None
SCAN_NEIGHBOR,3906.450279475635,3916.450279475635,10.0,24,108adda7-144a-477a-86ab-20721c02d330,None,None,1,159,7,[],None,None
ENUM_HOST,3916.450279475635,3931.450279475635,15.0,24,108adda7-144a-477a-86ab-20721c02d330,None,None,1,159,7,[],None,None
ENUM_HOST,3931.450279475635,3946.450279475635,15.0,24,108adda7-144a-477a-86ab-20721c02d330,None,None,2,159,7,[],None,None
SCAN_PORT,3946.450279475635,3966.450279475635,20.0,33,90063fce-c6e4-4f30-bd63-93562a85152c,None,None,1,159,7,[],None,None
EXPLOIT_VULN,3966.450279475635,3982.622437848738,16.17215837310323,33,90063fce-c6e4-4f30-bd63-93562a85152c,None,None,1,159,7,[],application,ServiceDiversity
SCAN_PORT,3992.622437848738,4012.622437848738,20.0,33,90063fce-c6e4-4f30-bd63-93562a85152c,None,None,1,159,7,[],None,None
EXPLOIT_VULN,4012.622437848738,4021.479731761413,8.857293912674777,33,90063fce-c6e4-4f30-bd63-93562a85152c,None,None,1,159,7,[],network,CompleteTopologyShuffle
SCAN_HOST,4031.479731761413,4041.479731761413,10.0,-1,-1,None,None,0,159,7,[],None,None
ENUM_HOST,4041.479731761413,4056.479731761413,15.0,-1,-1,None,None,0,159,7,[],None,None
SCAN_PORT,4056.479731761413,4076.479731761413,20.0,36,ce02fe53-9f4b-4f7a-8aaf-31491886836d,None,None,2,159,7,[],None,None
EXPLOIT_VULN,4076.479731761413,4077.608447167322,1.1287154059091336,36,ce02fe53-9f4b-4f7a-8aaf-31491886836d,None,None,2,159,7,[],network,HostTopologyShuffle
SCAN_HOST,4087.608447167322,4097.608447167322,10.0,-1,-1,None,None,0,159,7,[],None,None
ENUM_HOST,4097.608447167322,4112.608447167322,15.0,-1,-1,None,None,0,159,7,[],None,None
SCAN_PORT,4112.608447167322,4132.608447167322,20.0,29,ca202279-0f5c-4087-a772-ac732d0fa14f,None,None,2,159,7,[],None,None
EXPLOIT_VULN,4132.608447167322,4133.382127978403,0.773680811081249,29,ca202279-0f5c-4087-a772-ac732d0fa14f,None,None,2,159,7,[],network,IPShuffle
SCAN_HOST,4143.382127978403,4153.382127978403,10.0,-1,-1,None,None,0,159,7,[],None,None
ENUM_HOST,4153.382127978403,4168.382127978403,15.0,-1,-1,None,None,0,159,7,[],None,None
SCAN_PORT,4168.382127978403,4188.382127978403,20.0,61,cfe4a99d-9e0c-4e10-a690-07151301d702,None,None,2,159,7,[],None,None
EXPLOIT_VULN,4188.382127978403,4214.122884943632,25.740756965228684,61,cfe4a99d-9e0c-4e10-a690-07151301d702,None,None,2,159,7,[],None,None
BRUTE_FORCE,4214.122884943632,4214.244055342432,0.1211703988001318,61,cfe4a99d-9e0c-4e10-a690-07151301d702,None,None,2,168,7,[],application,PortShuffle
SCAN_PORT,4224.244055342432,4244.244055342432,20.0,61,cfe4a99d-9e0c-4e10-a690-07151301d702,None,None,2,168,7,[],None,None
EXPLOIT_VULN,4244.244055342432,4272.144832927545,27.900777585113246,61,cfe4a99d-9e0c-4e10-a690-07151301d702,None,None,2,168,7,[],None,None
BRUTE_FORCE,4272.144832927545,4284.452183883734,12.307350956188202,61,cfe4a99d-9e0c-4e10-a690-07151301d702,None,None,2,174,7,[],application,ServiceDiversity
SCAN_PORT,4294.452183883734,4314.452183883734,20.0,61,cfe4a99d-9e0c-4e10-a690-07151301d702,None,None,2,174,7,[],None,None
EXPLOIT_VULN,4314.452183883734,4325.2798958148005,10.827711931066915,61,cfe4a99d-9e0c-4e10-a690-07151301d702,None,None,2,174,7,[],network,CompleteTopologyShuffle
SCAN_HOST,4335.2798958148005,4345.2798958148005,10.0,-1,-1,None,None,0,174,7,[],None,None
ENUM_HOST,4345.2798958148005,4360.2798958148005,15.0,-1,-1,None,None,0,174,7,[],None,None
SCAN_PORT,4360.2798958148005,4380.2798958148005,20.0,31,274c9c4a-6295-4e07-80f4-6f38fbfad172,None,None,1,174,7,[],None,None
EXPLOIT_VULN,4380.2798958148005,4382.687007816087,2.407112001286805,31,274c9c4a-6295-4e07-80f4-6f38fbfad172,None,None,1,174,7,[],network,HostTopologyShuffle
SCAN_HOST,4392.687007816087,4402.687007816087,10.0,-1,-1,None,None,0,174,7,[],None,None
ENUM_HOST,4402.687007816087,4417.687007816087,15.0,-1,-1,None,None,0,174,7,[],None,None
SCAN_PORT,4417.687007816087,4436.9733203816195,19.28631256553217,30,e48dcce1-4fde-45bc-8764-873a5b943577,None,None,1,174,7,[],network,IPShuffle
SCAN_HOST,4446.9733203816195,4456.9733203816195,10.0,-1,-1,None,None,0,174,7,[],None,None
ENUM_HOST,4456.9733203816195,4471.9733203816195,15.0,-1,-1,None,None,0,174,7,[],None,None
SCAN_PORT,4471.9733203816195,4491.9733203816195,20.0,26,c5093623-92e2-43f0-98a9-14e4aa95f977,None,None,1,174,7,[],None,None
EXPLOIT_VULN,4491.9733203816195,4517.320859506,25.34753912438009,26,c5093623-92e2-43f0-98a9-14e4aa95f977,26,c5093623-92e2-43f0-98a9-14e4aa95f977,1,174,7,"['Simonne', 'Veronica', 'Merline']",None,None
SCAN_NEIGHBOR,4517.320859506,4527.320859506,10.0,26,c5093623-92e2-43f0-98a9-14e4aa95f977,None,None,1,194,8,[],None,None
ENUM_HOST,4527.320859506,4542.320859506,15.0,26,c5093623-92e2-43f0-98a9-14e4aa95f977,None,None,1,194,8,[],None,None
SCAN_PORT,4542.320859506,4562.320859506,20.0,51,04620c55-261e-41f1-8d20-310325a049a8,None,None,6,194,8,[],None,None
EXPLOIT_VULN,4562.320859506,4587.728403272804,25.407543766804338,51,04620c55-261e-41f1-8d20-310325a049a8,51,04620c55-261e-41f1-8d20-310325a049a8,6,194,8,"['Maxine', 'Fan', 'Elisa', 'Inez']",None,None
SCAN_NEIGHBOR,4587.728403272804,4597.728403272804,10.0,51,04620c55-261e-41f1-8d20-310325a049a8,None,None,6,205,9,[],None,None
ENUM_HOST,4597.728403272804,4612.728403272804,15.0,51,04620c55-261e-41f1-8d20-310325a049a8,None,None,6,205,9,[],None,None
SCAN_PORT,4612.728403272804,4629.328484729621,16.60008145681695,33,150d679b-8a5c-4e29-bf13-53e6b9dc9c92,None,None,2,205,9,[],network,CompleteTopologyShuffle
SCAN_HOST,4639.328484729621,4649.328484729621,10.0,-1,-1,None,None,0,205,9,[],None,None
ENUM_HOST,4649.328484729621,4664.328484729621,15.0,-1,-1,None,None,0,205,9,[],None,None
SCAN_PORT,4664.328484729621,4684.328484729621,20.0,20,6ffad728-6eed-4032-a571-69cd1caa6552,None,None,1,205,9,[],None,None
EXPLOIT_VULN,4684.328484729621,4685.305760435199,0.9772757055779948,20,6ffad728-6eed-4032-a571-69cd1caa6552,None,None,1,205,9,[],network,HostTopologyShuffle
SCAN_HOST,4695.305760435199,4705.305760435199,10.0,-1,-1,None,None,0,205,9,[],None,None
ENUM_HOST,4705.305760435199,4720.305760435199,15.0,-1,-1,None,None,0,205,9,[],None,None
SCAN_PORT,4720.305760435199,4740.305760435199,20.0,54,f769b5a1-c7cd-4ff6-b11e-0f3c9d8bd1a0,None,None,1,205,9,[],None,None
EXPLOIT_VULN,4740.305760435199,4740.977744580308,0.6719841451094908,54,f769b5a1-c7cd-4ff6-b11e-0f3c9d8bd1a0,None,None,1,205,9,[],network,IPShuffle
SCAN_HOST,4750.977744580308,4760.977744580308,10.0,-1,-1,None,None,0,205,9,[],None,None
ENUM_HOST,4760.977744580308,4775.977744580308,15.0,-1,-1,None,None,0,205,9,[],None,None
SCAN_PORT,4775.977744580308,4795.977744580308,20.0,38,af9ec496-933f-4177-9db5-2a1772e8a970,None,None,1,205,9,[],None,None
EXPLOIT_VULN,4795.977744580308,4820.806929039007,24.829184458698364,38,af9ec496-933f-4177-9db5-2a1772e8a970,None,None,1,205,9,[],application,PortShuffle
SCAN_PORT,4830.806929039007,4850.806929039007,20.0,38,af9ec496-933f-4177-9db5-2a1772e8a970,None,None,1,205,9,[],None,None
EXPLOIT_VULN,4850.806929039007,4861.067316514249,10.260387475242169,38,af9ec496-933f-4177-9db5-2a1772e8a970,None,None,1,205,9,[],application,ServiceDiversity
SCAN_PORT,4871.067316514249,4891.067316514249,20.0,38,af9ec496-933f-4177-9db5-2a1772e8a970,None,None,1,205,9,[],None,None
EXPLOIT_VULN,4891.067316514249,4901.076189112365,10.008872598115886,38,af9ec496-933f-4177-9db5-2a1772e8a970,None,None,1,205,9,[],network,CompleteTopologyShuffle
SCAN_HOST,4911.076189112365,4921.076189112365,10.0,-1,-1,None,None,0,205,9,[],None,None
ENUM_HOST,4921.076189112365,4936.076189112365,15.0,-1,-1,None,None,0,205,9,[],None,None
SCAN_PORT,4936.076189112365,4956.076189112365,20.0,25,ee56e480-112b-4416-afe8-f1af3b42ac5d,None,None,2,205,9,[],None,None
EXPLOIT_VULN,4956.076189112365,4956.995099747467,0.9189106351022929,25,ee56e480-112b-4416-afe8-f1af3b42ac5d,None,None,2,205,9,[],network,HostTopologyShuffle
SCAN_HOST,4966.995099747467,4976.995099747467,10.0,-1,-1,None,None,0,205,9,[],None,None
ENUM_HOST,4976.995099747467,4991.995099747467,15.0,-1,-1,None,None,0,205,9,[],None,None
